Q15399,D1CS38,D1CS35,D7NVE9,S5Q4V0,A0A1D8DFX0,H0WMG1,A0A1I7PII4,L8Y2F4,Q9EPQ1,G3ULC1,Q5WA51,H9GCK1,A0A1L5IUC2,A0A0G3EHD7,V5SL29,A0A1A8ICL4,A0A1B1MR54,A0A1A8C335,A0A0A0Q1D3,Q15399,D1CS38,D1CS35,D7NVE9,S5Q4V0,A0A1D8DFX0,H0WMG1,A0A1I7PII4,L8Y2F4,Q9EPQ1,G3ULC1,Q5WA51,H9GCK1,A0A1L5IUC2,A0A0G3EHD7,V5SL29,A0A1A8ICL4,A0A1B1MR54,A0A1A8C335,A0A0A0Q1D3,Q15399,D1CS38,D1CS35,D7NVE9,S5Q4V0,A0A1D8DFX0,H0WMG1,A0A1I7PII4,L8Y2F4,Q9EPQ1,G3ULC1,Q5WA51,H9GCK1,A0A1L5IUC2,A0A0G3EHD7,V5SL29,A0A1A8ICL4,A0A1B1MR54,A0A1A8C335,A0A0A0Q1D3,Q15399,D1CS38,D1CS35,D7NVE9,S5Q4V0,A0A1D8DFX0,H0WMG1,A0A1I7PII4,L8Y2F4,Q9EPQ1,G3ULC1,Q5WA51,H9GCK1,A0A1L5IUC2,A0A0G3EHD7,V5SL29,A0A1A8ICL4,A0A1B1MR54,A0A1A8C335,A0A0A0Q1D3,
0.9065743944636678,0.9065743944636678,0.9065743944636678,0.9065743944636678,0.9065743944636678,0.9181084198385236,0.9019607843137255,0.9181084198385236,0.8615916955017301,0.916955017301038,0.895040369088812,0.9434832756632064,0.9077277970011534,0.9238754325259516,0.9238754325259516,0.9250288350634371,0.9215686274509803,0.9273356401384083,0.9215686274509803,0.9042675893886967,0.9065743944636678,0.9065743944636678,0.9065743944636678,0.9065743944636678,0.9065743944636678,0.9181084198385236,0.9019607843137255,0.9181084198385236,0.8615916955017301,0.916955017301038,0.895040369088812,0.9434832756632064,0.9077277970011534,0.9238754325259516,0.9238754325259516,0.9250288350634371,0.9215686274509803,0.9273356401384083,0.9215686274509803,0.9042675893886967,0.9065743944636678,0.9065743944636678,0.9065743944636678,0.9065743944636678,0.9065743944636678,0.9181084198385236,0.9019607843137255,0.9181084198385236,0.8615916955017301,0.916955017301038,0.895040369088812,0.9434832756632064,0.9077277970011534,0.9238754325259516,0.9238754325259516,0.9250288350634371,0.9215686274509803,0.9273356401384083,0.9215686274509803,0.9042675893886967,0.9065743944636678,0.9065743944636678,0.9065743944636678,0.9065743944636678,0.9065743944636678,0.9181084198385236,0.9019607843137255,0.9181084198385236,0.8615916955017301,0.916955017301038,0.895040369088812,0.9434832756632064,0.9077277970011534,0.9238754325259516,0.9238754325259516,0.9250288350634371,0.9215686274509803,0.9273356401384083,0.9215686274509803,0.9042675893886967,