Q15399,D1CS38,D1CS35,D7NVE9,S5Q4V0,A0A1D8DFX0,H0WMG1,A0A1I7PII4,L8Y2F4,Q9EPQ1,G3ULC1,Q5WA51,H9GCK1,A0A1L5IUC2,A0A0G3EHD7,V5SL29,A0A1A8ICL4,A0A1B1MR54,A0A1A8C335,A0A0A0Q1D3,Q15399,D1CS38,D1CS35,D7NVE9,S5Q4V0,A0A1D8DFX0,H0WMG1,A0A1I7PII4,L8Y2F4,Q9EPQ1,G3ULC1,Q5WA51,H9GCK1,A0A1L5IUC2,A0A0G3EHD7,V5SL29,A0A1A8ICL4,A0A1B1MR54,A0A1A8C335,A0A0A0Q1D3,
1.0,0.9961832061068703,0.9961832061068703,0.9834605597964376,0.9821882951653944,0.8078880407124682,0.8145780051150895,0.8053435114503816,0.8,0.7379134860050891,0.6306068601583114,0.5051282051282051,0.4961038961038961,0.37890625,0.3776041666666667,0.3706111833550065,0.3697916666666667,0.3756476683937824,0.3684895833333333,0.30278884462151395,1.0,0.9961832061068703,0.9961832061068703,0.9834605597964376,0.9821882951653944,0.8078880407124682,0.8145780051150895,0.8053435114503816,0.8,0.7379134860050891,0.6306068601583114,0.5051282051282051,0.4961038961038961,0.37890625,0.3776041666666667,0.3706111833550065,0.3697916666666667,0.3756476683937824,0.3684895833333333,0.30278884462151395,