P26446,F1NL05,A0A0Q3QQT1,A0A024R3T8,P09874,I3LDH3,H9FQ77,I3MQR2,H0XEW5,P18493,Q3TM68,M3W4P6,R7TI88,T1IQQ9,C8CCN1,A0A068X2A2,C5KAC1,A0A0D2WNS3,U6M5G5,U6LKT5,P26446,F1NL05,A0A0Q3QQT1,A0A024R3T8,P09874,I3LDH3,H9FQ77,I3MQR2,H0XEW5,P18493,Q3TM68,M3W4P6,R7TI88,T1IQQ9,C8CCN1,A0A068X2A2,C5KAC1,A0A0D2WNS3,U6M5G5,U6LKT5,P26446,F1NL05,A0A0Q3QQT1,A0A024R3T8,P09874,I3LDH3,H9FQ77,I3MQR2,H0XEW5,P18493,Q3TM68,M3W4P6,R7TI88,T1IQQ9,C8CCN1,A0A068X2A2,C5KAC1,A0A0D2WNS3,U6M5G5,U6LKT5,
1.0,0.976,0.933728981206726,0.7874251497005988,0.7874251497005988,0.7852882703777336,0.7864271457085829,0.7874251497005988,0.7844311377245509,0.7699203187250996,0.7764471057884231,0.7752247752247752,0.5392561983471075,0.5398138572905895,0.5312180143295804,0.4048625792811839,0.3625541125541126,0.36577181208053694,0.32786885245901637,0.3125763125763126,1.0,0.976,0.933728981206726,0.7874251497005988,0.7874251497005988,0.7852882703777336,0.7864271457085829,0.7874251497005988,0.7844311377245509,0.7699203187250996,0.7764471057884231,0.7752247752247752,0.5392561983471075,0.5398138572905895,0.5312180143295804,0.4048625792811839,0.3625541125541126,0.36577181208053694,0.32786885245901637,0.3125763125763126,1.0,0.976,0.933728981206726,0.7874251497005988,0.7874251497005988,0.7852882703777336,0.7864271457085829,0.7874251497005988,0.7844311377245509,0.7699203187250996,0.7764471057884231,0.7752247752247752,0.5392561983471075,0.5398138572905895,0.5312180143295804,0.4048625792811839,0.3625541125541126,0.36577181208053694,0.32786885245901637,0.3125763125763126,